ID,Name,Note,Length,N_terminal,Sequence,C_terminal,Cyclo,Formula,Ex.MS,Mol.W,ε(280 nm),TFA,AcOH,acid,base,hydrophobic,ratio_hydrophobic,hydrophilicity,A,C,D,E,F,G,H,I,K,L,M,N,P,Q,R,S,T,V,W,Y,a,c,d,e,f,h,i,k,l,m,n,p,q,r,s,t,v,w,y,AiB,K-PEG3-Azide,K-PEG3-DBCO-C6,K-PEG3-AZDye647,K-COCH2-Azide,K-COCH2-DBCO-C6,Y-SO2H,C-SS-C6,C-S-Mal-C6,AminohexanoicAcid,beta-alanine,Homoarginine,Dab,K-PEG80-Azide,K-PEG80-DBCO-C6,K-SPDP,K-SS-Oligo,K-biotin,Sta
08-00-01,cSLS,,15,H,ACSLSHSPQCGGGS(K-COCH2-Azide),OH,1,C57H90N22O22S2,1498.6041449775,1499.5887000000002,250.0,3.0,0.5,0.0,2.0,2.0,0.13333333333333333,-0.22666666666666663,1.0,2.0,0.0,0.0,0.0,3.0,1.0,0.0,0.0,1.0,0.0,0.0,1.0,1.0,0.0,4.0,0.0,0.0,0.0,0.0,0.0,0.0,0.0,0.0,0.0,0.0,0.0,0.0,0.0,0.0,0.0,0.0,0.0,0.0,0.0,0.0,0.0,0.0,0.0,0.0,0.0,0.0,0.0,1.0,0.0,0.0,0.0,0.0,0.0,0.0,0.0,0.0,0.0,0.0,0.0,0.0,0.0,0.0
08-00-02,Ang2,,22,H,TFFYGGSRGKRNNFKTEEYGG(K-COCH2-Azide),OH,0,C116H168N36O35,2625.2472812590704,2626.79532,2980.0,6.0,2.0,2.0,5.0,3.0,0.13636363636363635,0.26363636363636367,0.0,0.0,0.0,2.0,3.0,5.0,0.0,0.0,2.0,0.0,0.0,2.0,0.0,0.0,2.0,1.0,2.0,0.0,0.0,2.0,0.0,0.0,0.0,0.0,0.0,0.0,0.0,0.0,0.0,0.0,0.0,0.0,0.0,0.0,0.0,0.0,0.0,0.0,0.0,0.0,0.0,0.0,0.0,1.0,0.0,0.0,0.0,0.0,0.0,0.0,0.0,0.0,0.0,0.0,0.0,0.0,0.0,0.0
08-00-03,MTfp,,14,H,DSSHAFTLDELRY(K-COCH2-Azide),OH,0,C76H113N23O26,1763.8227108526999,1764.8489200000001,1490.0,4.0,-1.5,3.0,3.0,4.0,0.2857142857142857,0.19999999999999998,1.0,0.0,2.0,1.0,1.0,0.0,1.0,0.0,0.0,2.0,0.0,0.0,0.0,0.0,1.0,2.0,1.0,0.0,0.0,1.0,0.0,0.0,0.0,0.0,0.0,0.0,0.0,0.0,0.0,0.0,0.0,0.0,0.0,0.0,0.0,0.0,0.0,0.0,0.0,0.0,0.0,0.0,0.0,1.0,0.0,0.0,0.0,0.0,0.0,0.0,0.0,0.0,0.0,0.0,0.0,0.0,0.0,0.0
08-00-04,eGLP1,,40,H,H(AiB)EGTFTSDVSSYLEEQAAKEFIAWLVKGGPSSGAPPPSC,NH2,0,C186H279N47O60S,4162.994610548981,4165.54936,7115.0,4.0,-1.5,5.0,3.0,12.0,0.3,-0.01000000000000002,4.0,1.0,1.0,4.0,2.0,4.0,1.0,1.0,2.0,2.0,0.0,0.0,4.0,1.0,0.0,6.0,2.0,2.0,1.0,1.0,0.0,0.0,0.0,0.0,0.0,0.0,0.0,0.0,0.0,0.0,0.0,0.0,0.0,0.0,0.0,0.0,0.0,0.0,0.0,1.0,0.0,0.0,0.0,0.0,0.0,0.0,0.0,0.0,0.0,0.0,0.0,0.0,0.0,0.0,0.0,0.0,0.0,0.0
08-00-05,eNT,,22,H,(K-COCH2-Azide)PPPAGSSPGLYENKPRRPYIL,OH,0,C114H178N34O31,2519.33972509423,2520.84232,2980.0,5.0,2.0,1.0,4.0,4.0,0.18181818181818182,0.10454545454545454,1.0,0.0,0.0,1.0,0.0,2.0,0.0,1.0,1.0,2.0,0.0,1.0,6.0,0.0,2.0,2.0,0.0,0.0,0.0,2.0,0.0,0.0,0.0,0.0,0.0,0.0,0.0,0.0,0.0,0.0,0.0,0.0,0.0,0.0,0.0,0.0,0.0,0.0,0.0,0.0,0.0,0.0,0.0,1.0,0.0,0.0,0.0,0.0,0.0,0.0,0.0,0.0,0.0,0.0,0.0,0.0,0.0,0.0
08-00-06,CCKAR,,9,Ac,(K-PEG3-Azide)D(Y-SO2H)MGWMDF,NH2,0,C65H89N15O22S3,1527.54687308866,1528.6844600000002,5500.0,1.0,-2.0,2.0,1.0,4.0,0.4444444444444444,-0.2777777777777778,0.0,0.0,2.0,0.0,1.0,1.0,0.0,0.0,0.0,0.0,2.0,0.0,0.0,0.0,0.0,0.0,0.0,0.0,1.0,0.0,0.0,0.0,0.0,0.0,0.0,0.0,0.0,0.0,0.0,0.0,0.0,0.0,0.0,0.0,0.0,0.0,0.0,0.0,0.0,0.0,1.0,0.0,0.0,0.0,0.0,1.0,0.0,0.0,0.0,0.0,0.0,0.0,0.0,0.0,0.0,0.0,0.0,0.0
08-00-07,No1,,34,H,AV(AiB)EIQLMHQ(Homoarginine)AKWLNSMRRVEWLRKKLQDVH(K-PEG3-Azide)F,NH2,0,C201H328N64O49S2,4486.458305562689,4489.28442,11000.0,11.0,5.0,3.0,10.0,15.0,0.4411764705882353,0.020588235294117654,2.0,0.0,1.0,2.0,1.0,0.0,2.0,1.0,3.0,4.0,2.0,1.0,0.0,3.0,3.0,1.0,0.0,3.0,2.0,0.0,0.0,0.0,0.0,0.0,0.0,0.0,0.0,0.0,0.0,0.0,0.0,0.0,0.0,0.0,0.0,0.0,0.0,0.0,0.0,1.0,1.0,0.0,0.0,0.0,0.0,0.0,0.0,0.0,0.0,0.0,1.0,0.0,0.0,0.0,0.0,0.0,0.0,0.0
08-00-08,No2,,34,H,AVSEIQLLHDKGKSIQDLRRRFFLHHLIAEIH(K-PEG3-Azide)A,NH2,0,C190H310N60O50,4232.355931235599,4234.8664,0.0,11.0,4.0,4.0,10.0,15.0,0.4411764705882353,0.05294117647058824,3.0,0.0,2.0,2.0,2.0,1.0,4.0,4.0,2.0,5.0,0.0,0.0,0.0,2.0,3.0,2.0,0.0,1.0,0.0,0.0,0.0,0.0,0.0,0.0,0.0,0.0,0.0,0.0,0.0,0.0,0.0,0.0,0.0,0.0,0.0,0.0,0.0,0.0,0.0,0.0,1.0,0.0,0.0,0.0,0.0,0.0,0.0,0.0,0.0,0.0,0.0,0.0,0.0,0.0,0.0,0.0,0.0,0.0
08-00-09,Rena(Aba)-[33K],,34,H,AVSEHQLLHDKGKSIQDLRRRELLEKLLAKLH(K-PEG3-Azide)A,NH2,0,C183H316N60O52,4186.39271066812,4188.837939999999,0.0,12.0,4.5,5.0,11.0,13.0,0.38235294117647056,0.47941176470588237,3.0,0.0,2.0,3.0,0.0,1.0,3.0,1.0,4.0,8.0,0.0,0.0,0.0,2.0,3.0,2.0,0.0,1.0,0.0,0.0,0.0,0.0,0.0,0.0,0.0,0.0,0.0,0.0,0.0,0.0,0.0,0.0,0.0,0.0,0.0,0.0,0.0,0.0,0.0,0.0,1.0,0.0,0.0,0.0,0.0,0.0,0.0,0.0,0.0,0.0,0.0,0.0,0.0,0.0,0.0,0.0,0.0,0.0
08-00-0A,Rena(Aba)-2N-[33K],RA-3,32,H,SEHQLLHDKGKSIQDLRRRELLEKLLAKLH(K-PEG3-Azide)A,NH2,0,C175H302N58O50,4016.2871829689,4018.6289800000004,0.0,12.0,4.5,5.0,11.0,11.0,0.34375,0.571875,2.0,0.0,2.0,3.0,0.0,1.0,3.0,1.0,4.0,8.0,0.0,0.0,0.0,2.0,3.0,2.0,0.0,0.0,0.0,0.0,0.0,0.0,0.0,0.0,0.0,0.0,0.0,0.0,0.0,0.0,0.0,0.0,0.0,0.0,0.0,0.0,0.0,0.0,0.0,0.0,1.0,0.0,0.0,0.0,0.0,0.0,0.0,0.0,0.0,0.0,0.0,0.0,0.0,0.0,0.0,0.0,0.0,0.0
08-00-0B,Rena(Aba)-4N-[33K],RA-5,30,H,HQLLHDKGKSIQDLRRRELLEKLLAKLH(K-PEG3-Azide)A,NH2,0,C167H290N56O45,3800.2125614754295,3802.4377,0.0,12.0,5.5,4.0,11.0,11.0,0.36666666666666664,0.5,2.0,0.0,2.0,2.0,0.0,1.0,3.0,1.0,4.0,8.0,0.0,0.0,0.0,2.0,3.0,1.0,0.0,0.0,0.0,0.0,0.0,0.0,0.0,0.0,0.0,0.0,0.0,0.0,0.0,0.0,0.0,0.0,0.0,0.0,0.0,0.0,0.0,0.0,0.0,0.0,1.0,0.0,0.0,0.0,0.0,0.0,0.0,0.0,0.0,0.0,0.0,0.0,0.0,0.0,0.0,0.0,0.0,0.0
08-00-0C,Rena(Aba)-9N-[33K],RA-10,25,H,DKGKSIQDLRRRELLEKLLAKLH(K-PEG3-Azide)A,NH2,0,C138H246N46O39,3171.86803229559,3173.71464,0.0,10.0,4.5,4.0,9.0,9.0,0.36,0.7759999999999999,2.0,0.0,2.0,2.0,0.0,1.0,1.0,1.0,4.0,6.0,0.0,0.0,0.0,1.0,3.0,1.0,0.0,0.0,0.0,0.0,0.0,0.0,0.0,0.0,0.0,0.0,0.0,0.0,0.0,0.0,0.0,0.0,0.0,0.0,0.0,0.0,0.0,0.0,0.0,0.0,1.0,0.0,0.0,0.0,0.0,0.0,0.0,0.0,0.0,0.0,0.0,0.0,0.0,0.0,0.0,0.0,0.0,0.0
08-00-0D,Rena(Aba)-[33C],,34,H,AVSEHQLLHDKGKSIQDLRRRELLEKLLAKLHCA,NH2,0,C172H296N56O48S,3946.2163267019196,3948.60204,125.0,11.0,4.5,5.0,10.0,13.0,0.38235294117647056,0.45,3.0,1.0,2.0,3.0,0.0,1.0,3.0,1.0,4.0,8.0,0.0,0.0,0.0,2.0,3.0,2.0,0.0,1.0,0.0,0.0,0.0,0.0,0.0,0.0,0.0,0.0,0.0,0.0,0.0,0.0,0.0,0.0,0.0,0.0,0.0,0.0,0.0,0.0,0.0,0.0,0.0,0.0,0.0,0.0,0.0,0.0,0.0,0.0,0.0,0.0,0.0,0.0,0.0,0.0,0.0,0.0,0.0,0.0
08-00-0E,Rena(Aba)-9N-[33C],,25,H,DKGKSIQDLRRRELLEKLLAKLHCA,NH2,0,C127H226N42O35S,2931.6916483293894,2933.47874,125.0,9.0,4.5,4.0,8.0,9.0,0.36,0.736,2.0,1.0,2.0,2.0,0.0,1.0,1.0,1.0,4.0,6.0,0.0,0.0,0.0,1.0,3.0,1.0,0.0,0.0,0.0,0.0,0.0,0.0,0.0,0.0,0.0,0.0,0.0,0.0,0.0,0.0,0.0,0.0,0.0,0.0,0.0,0.0,0.0,0.0,0.0,0.0,0.0,0.0,0.0,0.0,0.0,0.0,0.0,0.0,0.0,0.0,0.0,0.0,0.0,0.0,0.0,0.0,0.0,0.0
08-00-0F,Rena(Aba)-[35K],,35,H,AVSEHQLLHDKGKSIQDLRRRELLEKLLAKLHTA(K-PEG3-Azide),NH2,0,C187H323N61O54,4287.4403891373,4289.94182,0.0,12.0,4.5,5.0,11.0,13.0,0.37142857142857144,0.45428571428571435,3.0,0.0,2.0,3.0,0.0,1.0,3.0,1.0,4.0,8.0,0.0,0.0,0.0,2.0,3.0,2.0,1.0,1.0,0.0,0.0,0.0,0.0,0.0,0.0,0.0,0.0,0.0,0.0,0.0,0.0,0.0,0.0,0.0,0.0,0.0,0.0,0.0,0.0,0.0,0.0,1.0,0.0,0.0,0.0,0.0,0.0,0.0,0.0,0.0,0.0,0.0,0.0,0.0,0.0,0.0,0.0,0.0,0.0
08-00-0G,Rena(Aba)-9N-[35K],,26,H,DKGKSIQDLRRRELLEKLLAKLHTA(K-PEG3-Azide),NH2,0,C142H253N47O41,3272.9157107647698,3274.81852,0.0,10.0,4.5,4.0,9.0,9.0,0.34615384615384615,0.7307692307692307,2.0,0.0,2.0,2.0,0.0,1.0,1.0,1.0,4.0,6.0,0.0,0.0,0.0,1.0,3.0,1.0,1.0,0.0,0.0,0.0,0.0,0.0,0.0,0.0,0.0,0.0,0.0,0.0,0.0,0.0,0.0,0.0,0.0,0.0,0.0,0.0,0.0,0.0,0.0,0.0,1.0,0.0,0.0,0.0,0.0,0.0,0.0,0.0,0.0,0.0,0.0,0.0,0.0,0.0,0.0,0.0,0.0,0.0
08-00-0H,Aba-[33K],,34,H,AVSEHQLLHDKGKSIQDLRRRELLEKLL(AiB)KLH(K-PEG3-Azide)A,NH2,0,C184H318N60O52,4200.40836073258,4202.86452,0.0,12.0,4.5,5.0,11.0,12.0,0.35294117647058826,0.49411764705882355,2.0,0.0,2.0,3.0,0.0,1.0,3.0,1.0,4.0,8.0,0.0,0.0,0.0,2.0,3.0,2.0,0.0,1.0,0.0,0.0,0.0,0.0,0.0,0.0,0.0,0.0,0.0,0.0,0.0,0.0,0.0,0.0,0.0,0.0,0.0,0.0,0.0,0.0,0.0,1.0,1.0,0.0,0.0,0.0,0.0,0.0,0.0,0.0,0.0,0.0,0.0,0.0,0.0,0.0,0.0,0.0,0.0,0.0
08-00-0I,Aba-9N-[33K],,25,H,DKGKSIQDLRRRELLEKLL(AiB)KLH(K-PEG3-Azide)A,NH2,0,C139H248N46O39,3185.88368236005,3187.74122,0.0,10.0,4.5,4.0,9.0,8.0,0.32,0.7959999999999999,1.0,0.0,2.0,2.0,0.0,1.0,1.0,1.0,4.0,6.0,0.0,0.0,0.0,1.0,3.0,1.0,0.0,0.0,0.0,0.0,0.0,0.0,0.0,0.0,0.0,0.0,0.0,0.0,0.0,0.0,0.0,0.0,0.0,0.0,0.0,0.0,0.0,0.0,0.0,1.0,1.0,0.0,0.0,0.0,0.0,0.0,0.0,0.0,0.0,0.0,0.0,0.0,0.0,0.0,0.0,0.0,0.0,0.0
08-00-0J,Aba-[33C],,34,H,AVSEHQLLHDKGKSIQDLRRRELLEKLL(AiB)KLHCA,NH2,0,C173H298N56O48S,3960.23197676638,3962.62862,125.0,11.0,4.5,5.0,10.0,12.0,0.35294117647058826,0.4647058823529412,2.0,1.0,2.0,3.0,0.0,1.0,3.0,1.0,4.0,8.0,0.0,0.0,0.0,2.0,3.0,2.0,0.0,1.0,0.0,0.0,0.0,0.0,0.0,0.0,0.0,0.0,0.0,0.0,0.0,0.0,0.0,0.0,0.0,0.0,0.0,0.0,0.0,0.0,0.0,1.0,0.0,0.0,0.0,0.0,0.0,0.0,0.0,0.0,0.0,0.0,0.0,0.0,0.0,0.0,0.0,0.0,0.0,0.0
08-00-0K,Aba-9N-[33C],,25,H,DKGKSIQDLRRRELLEKLL(AiB)KLHCA,NH2,0,C128H228N42O35S,2945.70729839385,2947.5053199999998,125.0,9.0,4.5,4.0,8.0,8.0,0.32,0.7559999999999999,1.0,1.0,2.0,2.0,0.0,1.0,1.0,1.0,4.0,6.0,0.0,0.0,0.0,1.0,3.0,1.0,0.0,0.0,0.0,0.0,0.0,0.0,0.0,0.0,0.0,0.0,0.0,0.0,0.0,0.0,0.0,0.0,0.0,0.0,0.0,0.0,0.0,0.0,0.0,1.0,0.0,0.0,0.0,0.0,0.0,0.0,0.0,0.0,0.0,0.0,0.0,0.0,0.0,0.0,0.0,0.0,0.0,0.0
08-00-0L,Aba-[35K],,35,H,AVSEHQLLHDKGKSIQDLRRRELLEKLL(AiB)KLHTA(K-PEG3-Azide),NH2,0,C188H325N61O54,4301.45603920176,4303.9684,0.0,12.0,4.5,5.0,11.0,12.0,0.34285714285714286,0.46857142857142864,2.0,0.0,2.0,3.0,0.0,1.0,3.0,1.0,4.0,8.0,0.0,0.0,0.0,2.0,3.0,2.0,1.0,1.0,0.0,0.0,0.0,0.0,0.0,0.0,0.0,0.0,0.0,0.0,0.0,0.0,0.0,0.0,0.0,0.0,0.0,0.0,0.0,0.0,0.0,1.0,1.0,0.0,0.0,0.0,0.0,0.0,0.0,0.0,0.0,0.0,0.0,0.0,0.0,0.0,0.0,0.0,0.0,0.0
08-00-0M,Aba-9N-[35K],,26,H,DKGKSIQDLRRRELLEKLL(AiB)KLHTA(K-PEG3-Azide),NH2,0,C143H255N47O41,3286.93136082923,3288.8450999999995,0.0,10.0,4.5,4.0,9.0,8.0,0.3076923076923077,0.75,1.0,0.0,2.0,2.0,0.0,1.0,1.0,1.0,4.0,6.0,0.0,0.0,0.0,1.0,3.0,1.0,1.0,0.0,0.0,0.0,0.0,0.0,0.0,0.0,0.0,0.0,0.0,0.0,0.0,0.0,0.0,0.0,0.0,0.0,0.0,0.0,0.0,0.0,0.0,1.0,1.0,0.0,0.0,0.0,0.0,0.0,0.0,0.0,0.0,0.0,0.0,0.0,0.0,0.0,0.0,0.0,0.0,0.0
08-00-0N,hPTh-[33K],,34,H,SVSEIQLMHNLGKHLNSMERVEWLRKKLQDVH(K-PEG3-Azide)F,NH2,0,C191H311N59O53S2,4343.28956847091,4346.00654,5500.0,10.0,3.5,4.0,9.0,13.0,0.38235294117647056,0.09999999999999998,0.0,0.0,1.0,3.0,1.0,1.0,3.0,1.0,3.0,5.0,2.0,2.0,0.0,2.0,2.0,3.0,0.0,3.0,1.0,0.0,0.0,0.0,0.0,0.0,0.0,0.0,0.0,0.0,0.0,0.0,0.0,0.0,0.0,0.0,0.0,0.0,0.0,0.0,0.0,0.0,1.0,0.0,0.0,0.0,0.0,0.0,0.0,0.0,0.0,0.0,0.0,0.0,0.0,0.0,0.0,0.0,0.0,0.0
08-00-0O,hPTh-9N-[33K],,25,H,NLGKHLNSMERVEWLRKKLQDVH(K-PEG3-Azide)F,NH2,0,C147H239N47O39S,3318.7884022488097,3320.82706,5500.0,9.0,4.0,3.0,8.0,9.0,0.36,0.26000000000000006,0.0,0.0,1.0,2.0,1.0,1.0,2.0,0.0,3.0,4.0,1.0,2.0,0.0,1.0,2.0,1.0,0.0,2.0,1.0,0.0,0.0,0.0,0.0,0.0,0.0,0.0,0.0,0.0,0.0,0.0,0.0,0.0,0.0,0.0,0.0,0.0,0.0,0.0,0.0,0.0,1.0,0.0,0.0,0.0,0.0,0.0,0.0,0.0,0.0,0.0,0.0,0.0,0.0,0.0,0.0,0.0,0.0,0.0
08-00-0P,hPTh-[33C],,34,H,SVSEIQLMHNLGKHLNSMERVEWLRKKLQDVHCF,NH2,0,C180H291N55O49S3,4103.11318450471,4105.77064,5625.0,9.0,3.5,4.0,8.0,13.0,0.38235294117647056,0.07058823529411762,0.0,1.0,1.0,3.0,1.0,1.0,3.0,1.0,3.0,5.0,2.0,2.0,0.0,2.0,2.0,3.0,0.0,3.0,1.0,0.0,0.0,0.0,0.0,0.0,0.0,0.0,0.0,0.0,0.0,0.0,0.0,0.0,0.0,0.0,0.0,0.0,0.0,0.0,0.0,0.0,0.0,0.0,0.0,0.0,0.0,0.0,0.0,0.0,0.0,0.0,0.0,0.0,0.0,0.0,0.0,0.0,0.0,0.0
08-00-0Q,hPTh-9N-[33C],,25,H,NLGKHLNSMERVEWLRKKLQDVHCF,NH2,0,C136H219N43O35S2,3078.6120182826103,3080.59116,5625.0,8.0,4.0,3.0,7.0,9.0,0.36,0.22000000000000008,0.0,1.0,1.0,2.0,1.0,1.0,2.0,0.0,3.0,4.0,1.0,2.0,0.0,1.0,2.0,1.0,0.0,2.0,1.0,0.0,0.0,0.0,0.0,0.0,0.0,0.0,0.0,0.0,0.0,0.0,0.0,0.0,0.0,0.0,0.0,0.0,0.0,0.0,0.0,0.0,0.0,0.0,0.0,0.0,0.0,0.0,0.0,0.0,0.0,0.0,0.0,0.0,0.0,0.0,0.0,0.0,0.0,0.0
08-00-0R,hPTh-[35K],,35,H,SVSEIQLMHNLGKHLNSMERVEWLRKKLQDVHNF(K-PEG3-Azide),NH2,0,C195H317N61O55S2,4457.332495912289,4460.1091799999995,5500.0,10.0,3.5,4.0,9.0,13.0,0.37142857142857144,0.10285714285714286,0.0,0.0,1.0,3.0,1.0,1.0,3.0,1.0,3.0,5.0,2.0,3.0,0.0,2.0,2.0,3.0,0.0,3.0,1.0,0.0,0.0,0.0,0.0,0.0,0.0,0.0,0.0,0.0,0.0,0.0,0.0,0.0,0.0,0.0,0.0,0.0,0.0,0.0,0.0,0.0,1.0,0.0,0.0,0.0,0.0,0.0,0.0,0.0,0.0,0.0,0.0,0.0,0.0,0.0,0.0,0.0,0.0,0.0
08-00-0S,hPTh-9N-[35K],,26,H,NLGKHLNSMERVEWLRKKLQDVHNF(K-PEG3-Azide),NH2,0,C151H245N49O41S,3432.8313296901897,3434.9297,5500.0,9.0,4.0,3.0,8.0,9.0,0.34615384615384615,0.2576923076923077,0.0,0.0,1.0,2.0,1.0,1.0,2.0,0.0,3.0,4.0,1.0,3.0,0.0,1.0,2.0,1.0,0.0,2.0,1.0,0.0,0.0,0.0,0.0,0.0,0.0,0.0,0.0,0.0,0.0,0.0,0.0,0.0,0.0,0.0,0.0,0.0,0.0,0.0,0.0,0.0,1.0,0.0,0.0,0.0,0.0,0.0,0.0,0.0,0.0,0.0,0.0,0.0,0.0,0.0,0.0,0.0,0.0,0.0
08-00-0T,TIP-[40K],,40,H,SLALADDAAFRERARLLAALERRHWLNSYMHKLLVLDAP(K-PEG3-Azide),NH2,0,C216H351N67O58S,4843.629663719,4846.57724,6990.0,10.0,3.0,5.0,9.0,21.0,0.525,0.04000000000000002,8.0,0.0,3.0,2.0,1.0,0.0,2.0,0.0,1.0,9.0,1.0,1.0,1.0,0.0,5.0,2.0,0.0,1.0,1.0,1.0,0.0,0.0,0.0,0.0,0.0,0.0,0.0,0.0,0.0,0.0,0.0,0.0,0.0,0.0,0.0,0.0,0.0,0.0,0.0,0.0,1.0,0.0,0.0,0.0,0.0,0.0,0.0,0.0,0.0,0.0,0.0,0.0,0.0,0.0,0.0,0.0,0.0,0.0
08-00-0U,TIP-9N-[40K],,31,H,FRERARLLAALERRHWLNSYMHKLLVLDAP(K-PEG3-Azide),NH2,0,C181H294N58O44S,4016.22716616804,4018.6982600000006,6990.0,10.0,5.0,3.0,9.0,15.0,0.4838709677419355,0.029032258064516182,4.0,0.0,1.0,2.0,1.0,0.0,2.0,0.0,1.0,7.0,1.0,1.0,1.0,0.0,5.0,1.0,0.0,1.0,1.0,1.0,0.0,0.0,0.0,0.0,0.0,0.0,0.0,0.0,0.0,0.0,0.0,0.0,0.0,0.0,0.0,0.0,0.0,0.0,0.0,0.0,1.0,0.0,0.0,0.0,0.0,0.0,0.0,0.0,0.0,0.0,0.0,0.0,0.0,0.0,0.0,0.0,0.0,0.0
08-00-0V,PIP-C,,19,Ac,R(AminohexanoicAcid)RR(beta-alanine)RRFQILYR(beta-alanine)R(AminohexanoicAcid)R(beta-alanine)(K-PEG3-Azide),NH2,0,C120H211N49O26,2754.66948812642,2756.27204,1490.0,9.0,8.0,0.0,9.0,6.0,0.3157894736842105,0.8315789473684211,0.0,0.0,0.0,0.0,1.0,0.0,0.0,1.0,0.0,1.0,0.0,0.0,0.0,1.0,8.0,0.0,0.0,0.0,0.0,1.0,0.0,0.0,0.0,0.0,0.0,0.0,0.0,0.0,0.0,0.0,0.0,0.0,0.0,0.0,0.0,0.0,0.0,0.0,0.0,0.0,1.0,0.0,0.0,0.0,0.0,0.0,0.0,0.0,2.0,3.0,0.0,0.0,0.0,0.0,0.0,0.0,0.0,0.0
08-00-0W,PIP-N,,19,Ac,(K-PEG3-Azide)R(AminohexanoicAcid)RR(beta-alanine)RRFQILYR(beta-alanine)R(AminohexanoicAcid)R(beta-alanine),NH2,0,C120H211N49O26,2754.66948812642,2756.27204,1490.0,9.0,8.0,0.0,9.0,6.0,0.3157894736842105,0.8315789473684211,0.0,0.0,0.0,0.0,1.0,0.0,0.0,1.0,0.0,1.0,0.0,0.0,0.0,1.0,8.0,0.0,0.0,0.0,0.0,1.0,0.0,0.0,0.0,0.0,0.0,0.0,0.0,0.0,0.0,0.0,0.0,0.0,0.0,0.0,0.0,0.0,0.0,0.0,0.0,0.0,1.0,0.0,0.0,0.0,0.0,0.0,0.0,0.0,2.0,3.0,0.0,0.0,0.0,0.0,0.0,0.0,0.0,0.0
08-00-0X,TAT,TAT× MTP○,8,H,ASSLNIA(K-COCH2-Azide),OH,0,C36H63N13O13,885.4668291424899,885.96472,0.0,2.0,0.0,0.0,1.0,4.0,0.5,-0.4749999999999999,2.0,0.0,0.0,0.0,0.0,0.0,0.0,1.0,0.0,1.0,0.0,1.0,0.0,0.0,0.0,2.0,0.0,0.0,0.0,0.0,0.0,0.0,0.0,0.0,0.0,0.0,0.0,0.0,0.0,0.0,0.0,0.0,0.0,0.0,0.0,0.0,0.0,0.0,0.0,0.0,0.0,0.0,0.0,1.0,0.0,0.0,0.0,0.0,0.0,0.0,0.0,0.0,0.0,0.0,0.0,0.0,0.0,0.0
08-00-0Y,MTP-CPP,CPP=TAT,21,H,ASSLNIAGRKKRRQRRRPPQ(K-COCH2-Azide),OH,0,C106H192N48O28,2585.50756774876,2586.96348,0.0,10.0,8.0,0.0,9.0,4.0,0.19047619047619047,0.980952380952381,2.0,0.0,0.0,0.0,0.0,1.0,0.0,1.0,2.0,1.0,0.0,1.0,2.0,2.0,6.0,2.0,0.0,0.0,0.0,0.0,0.0,0.0,0.0,0.0,0.0,0.0,0.0,0.0,0.0,0.0,0.0,0.0,0.0,0.0,0.0,0.0,0.0,0.0,0.0,0.0,0.0,0.0,0.0,1.0,0.0,0.0,0.0,0.0,0.0,0.0,0.0,0.0,0.0,0.0,0.0,0.0,0.0,0.0
08-00-0Z,CPP-MTP,CPP=TAT,21,H,GRKKRRQRRRPPQASSLNIA(K-COCH2-Azide),OH,0,C106H192N48O28,2585.50756774876,2586.96348,0.0,10.0,8.0,0.0,9.0,4.0,0.19047619047619047,0.980952380952381,2.0,0.0,0.0,0.0,0.0,1.0,0.0,1.0,2.0,1.0,0.0,1.0,2.0,2.0,6.0,2.0,0.0,0.0,0.0,0.0,0.0,0.0,0.0,0.0,0.0,0.0,0.0,0.0,0.0,0.0,0.0,0.0,0.0,0.0,0.0,0.0,0.0,0.0,0.0,0.0,0.0,0.0,0.0,1.0,0.0,0.0,0.0,0.0,0.0,0.0,0.0,0.0,0.0,0.0,0.0,0.0,0.0,0.0
08-00-10,Dab8,,11,Ac,FGG(Dab)(Dab)(Dab)(Dab)(Dab)(Dab)(Dab)(Dab),NH2,0,C47H84N20O12,1120.65775823076,1121.29666,0.0,8.0,0.0,0.0,8.0,1.0,0.09090909090909091,-0.22727272727272727,0.0,0.0,0.0,0.0,1.0,2.0,0.0,0.0,0.0,0.0,0.0,0.0,0.0,0.0,0.0,0.0,0.0,0.0,0.0,0.0,0.0,0.0,0.0,0.0,0.0,0.0,0.0,0.0,0.0,0.0,0.0,0.0,0.0,0.0,0.0,0.0,0.0,0.0,0.0,0.0,0.0,0.0,0.0,0.0,0.0,0.0,0.0,0.0,0.0,0.0,0.0,8.0,0.0,0.0,0.0,0.0,0.0,0.0
08-00-11,CD59(Base),,72,H,LQCYNCPNPTADCKTAVNCSSDFDACLITKAGLQVYNKCWKFEHCNFNDVTTRLRENELTYYCCKKDLCNF(K-COCH2-Azide),OH,5,C363H543N101O112S10,8428.71061608416,8434.45502,12710.0,11.0,0.5,8.0,10.0,19.0,0.2638888888888889,-0.05555555555555558,4.0,10.0,5.0,3.0,4.0,1.0,1.0,1.0,6.0,6.0,0.0,8.0,2.0,2.0,2.0,2.0,6.0,3.0,1.0,4.0,0.0,0.0,0.0,0.0,0.0,0.0,0.0,0.0,0.0,0.0,0.0,0.0,0.0,0.0,0.0,0.0,0.0,0.0,0.0,0.0,0.0,0.0,0.0,1.0,0.0,0.0,0.0,0.0,0.0,0.0,0.0,0.0,0.0,0.0,0.0,0.0,0.0,0.0
08-00-12,Elafin(Base),,46,H,KPGSCPIILIRCAMLNPPNRCLKDTDCPGIKKCCEGSCGMACFVP(K-COCH2-Azide),OH,4,C209H342N62O59S10,4984.287423595951,4987.981779999999,1000.0,8.0,3.0,3.0,7.0,13.0,0.2826086956521739,-0.01304347826086954,2.0,8.0,2.0,1.0,1.0,4.0,0.0,4.0,4.0,3.0,2.0,2.0,6.0,0.0,2.0,2.0,1.0,1.0,0.0,0.0,0.0,0.0,0.0,0.0,0.0,0.0,0.0,0.0,0.0,0.0,0.0,0.0,0.0,0.0,0.0,0.0,0.0,0.0,0.0,0.0,0.0,0.0,0.0,1.0,0.0,0.0,0.0,0.0,0.0,0.0,0.0,0.0,0.0,0.0,0.0,0.0,0.0,0.0
08-00-13,Amyloid beta(1-42),,43,H,DAEFRHDSGYEVHHQKLVFFAEDVGSNKGAIIGLMVGGVVIA(K-COCH2-Azide),OH,0,C211H324N60O62S,4722.37652829606,4725.26006,1490.0,8.0,-1.5,6.0,7.0,19.0,0.4418604651162791,-0.10697674418604652,4.0,0.0,3.0,3.0,3.0,6.0,3.0,3.0,2.0,2.0,1.0,1.0,0.0,1.0,1.0,2.0,0.0,6.0,0.0,1.0,0.0,0.0,0.0,0.0,0.0,0.0,0.0,0.0,0.0,0.0,0.0,0.0,0.0,0.0,0.0,0.0,0.0,0.0,0.0,0.0,0.0,0.0,0.0,1.0,0.0,0.0,0.0,0.0,0.0,0.0,0.0,0.0,0.0,0.0,0.0,0.0,0.0,0.0
08-00-14,Amyloid beta_base,,42,H,DAEFRHDSGYEVHHQKLVFFAEDVGSNKGAIIGLMVGGVVIA,OH,0,C203H311N55O60S,4511.26960361578,4514.0389399999995,1490.0,7.0,-1.5,6.0,6.0,19.0,0.4523809523809524,-0.10952380952380954,4.0,0.0,3.0,3.0,3.0,6.0,3.0,3.0,2.0,2.0,1.0,1.0,0.0,1.0,1.0,2.0,0.0,6.0,0.0,1.0,0.0,0.0,0.0,0.0,0.0,0.0,0.0,0.0,0.0,0.0,0.0,0.0,0.0,0.0,0.0,0.0,0.0,0.0,0.0,0.0,0.0,0.0,0.0,0.0,0.0,0.0,0.0,0.0,0.0,0.0,0.0,0.0,0.0,0.0,0.0,0.0,0.0,0.0
08-00-15,cRGD,,5,cyclic-N,RGDfK,cyclic-C,1,C27H41N9O7,603.3128946982899,603.67054,0.0,2.0,1.0,1.0,2.0,1.0,0.2,1.3,0.0,0.0,1.0,0.0,0.0,1.0,0.0,0.0,1.0,0.0,0.0,0.0,0.0,0.0,1.0,0.0,0.0,0.0,0.0,0.0,0.0,0.0,0.0,0.0,1.0,0.0,0.0,0.0,0.0,0.0,0.0,0.0,0.0,0.0,0.0,0.0,0.0,0.0,0.0,0.0,0.0,0.0,0.0,0.0,0.0,0.0,0.0,0.0,0.0,0.0,0.0,0.0,0.0,0.0,0.0,0.0,0.0,0.0
08-00-16,CPP-MTP-PEG,CPP=TAT,21,H,GRKKRRQRRRPPQASSLNIA(K-PEG80-Azide),OH,0,C260H496N48O106,5987.489717873141,5990.97824,0.0,10.0,8.0,0.0,9.0,4.0,0.19047619047619047,0.980952380952381,2.0,0.0,0.0,0.0,0.0,1.0,0.0,1.0,2.0,1.0,0.0,1.0,2.0,2.0,6.0,2.0,0.0,0.0,0.0,0.0,0.0,0.0,0.0,0.0,0.0,0.0,0.0,0.0,0.0,0.0,0.0,0.0,0.0,0.0,0.0,0.0,0.0,0.0,0.0,0.0,0.0,0.0,0.0,0.0,0.0,0.0,0.0,0.0,0.0,0.0,0.0,0.0,1.0,0.0,0.0,0.0,0.0,0.0
08-00-17,DSS6,,19,H,DSSDSSDSSDSSDSSDSS(K-COCH2-Azide),OH,0,C68H105N23O45,1963.66348836669,1964.6884,0.0,2.0,-6.0,6.0,1.0,0.0,0.0,1.1368421052631579,0.0,0.0,6.0,0.0,0.0,0.0,0.0,0.0,0.0,0.0,0.0,0.0,0.0,0.0,0.0,12.0,0.0,0.0,0.0,0.0,0.0,0.0,0.0,0.0,0.0,0.0,0.0,0.0,0.0,0.0,0.0,0.0,0.0,0.0,0.0,0.0,0.0,0.0,0.0,0.0,0.0,0.0,0.0,1.0,0.0,0.0,0.0,0.0,0.0,0.0,0.0,0.0,0.0,0.0,0.0,0.0,0.0,0.0
08-00-18,cCTP,,13,cyclic-N,APWHLSSQYSRT(K-PEG3-Azide),cyclic-C,1,C78H116N24O23,1756.8645160951103,1757.90264,6990.0,3.0,1.5,0.0,3.0,3.0,0.23076923076923078,-0.36923076923076914,1.0,0.0,0.0,0.0,0.0,0.0,1.0,0.0,0.0,1.0,0.0,0.0,1.0,1.0,1.0,3.0,1.0,0.0,1.0,1.0,0.0,0.0,0.0,0.0,0.0,0.0,0.0,0.0,0.0,0.0,0.0,0.0,0.0,0.0,0.0,0.0,0.0,0.0,0.0,0.0,1.0,0.0,0.0,0.0,0.0,0.0,0.0,0.0,0.0,0.0,0.0,0.0,0.0,0.0,0.0,0.0,0.0,0.0
08-00-19,cS7A,,13,cyclic-N,APWHLSAQYSRT(K-PEG3-Azide),cyclic-C,1,C78H116N24O22,1740.86960147554,1741.90324,6990.0,3.0,1.5,0.0,3.0,4.0,0.3076923076923077,-0.43076923076923074,2.0,0.0,0.0,0.0,0.0,0.0,1.0,0.0,0.0,1.0,0.0,0.0,1.0,1.0,1.0,2.0,1.0,0.0,1.0,1.0,0.0,0.0,0.0,0.0,0.0,0.0,0.0,0.0,0.0,0.0,0.0,0.0,0.0,0.0,0.0,0.0,0.0,0.0,0.0,0.0,1.0,0.0,0.0,0.0,0.0,0.0,0.0,0.0,0.0,0.0,0.0,0.0,0.0,0.0,0.0,0.0,0.0,0.0
08-00-1A,cR11A,,13,cyclic-N,APWHLSSQYSAT(K-PEG3-Azide),cyclic-C,1,C75H109N21O23,1671.80051885621,1672.79486,6990.0,2.0,0.5,0.0,2.0,4.0,0.3076923076923077,-0.6384615384615385,2.0,0.0,0.0,0.0,0.0,0.0,1.0,0.0,0.0,1.0,0.0,0.0,1.0,1.0,0.0,3.0,1.0,0.0,1.0,1.0,0.0,0.0,0.0,0.0,0.0,0.0,0.0,0.0,0.0,0.0,0.0,0.0,0.0,0.0,0.0,0.0,0.0,0.0,0.0,0.0,1.0,0.0,0.0,0.0,0.0,0.0,0.0,0.0,0.0,0.0,0.0,0.0,0.0,0.0,0.0,0.0,0.0,0.0
08-00-1B,Pep-1-biotin,,15,H,ACGEMGWVRCGGGS(K-biotin),OH,1,C70H108N22O21S4,1720.6942232868698,1722.00132,5750.0,2.0,0.0,1.0,1.0,4.0,0.26666666666666666,-0.16,1.0,2.0,0.0,1.0,0.0,5.0,0.0,0.0,0.0,0.0,1.0,0.0,0.0,0.0,1.0,1.0,0.0,1.0,1.0,0.0,0.0,0.0,0.0,0.0,0.0,0.0,0.0,0.0,0.0,0.0,0.0,0.0,0.0,0.0,0.0,0.0,0.0,0.0,0.0,0.0,0.0,0.0,0.0,0.0,0.0,0.0,0.0,0.0,0.0,0.0,0.0,0.0,0.0,0.0,0.0,0.0,1.0,0.0
08-00-1C,Pep-1-azide,,15,H,ACGEMGWVRCGGGS(K-COCH2-Azide),OH,1,C62H95N23O20S3,1577.62858607834,1578.7548,5750.0,3.0,0.0,1.0,2.0,4.0,0.26666666666666666,-0.16,1.0,2.0,0.0,1.0,0.0,5.0,0.0,0.0,0.0,0.0,1.0,0.0,0.0,0.0,1.0,1.0,0.0,1.0,1.0,0.0,0.0,0.0,0.0,0.0,0.0,0.0,0.0,0.0,0.0,0.0,0.0,0.0,0.0,0.0,0.0,0.0,0.0,0.0,0.0,0.0,0.0,0.0,0.0,1.0,0.0,0.0,0.0,0.0,0.0,0.0,0.0,0.0,0.0,0.0,0.0,0.0,0.0,0.0
08-00-1D,A2b11-biotin,,12,H,(K-biotin)GGGWALRVKAG,OH,0,C64H104N20O15S,1424.77107390847,1425.70056,5500.0,3.0,2.0,0.0,2.0,5.0,0.4166666666666667,-0.14166666666666664,2.0,0.0,0.0,0.0,0.0,4.0,0.0,0.0,1.0,1.0,0.0,0.0,0.0,0.0,1.0,0.0,0.0,1.0,1.0,0.0,0.0,0.0,0.0,0.0,0.0,0.0,0.0,0.0,0.0,0.0,0.0,0.0,0.0,0.0,0.0,0.0,0.0,0.0,0.0,0.0,0.0,0.0,0.0,0.0,0.0,0.0,0.0,0.0,0.0,0.0,0.0,0.0,0.0,0.0,0.0,0.0,1.0,0.0
08-00-1E,A2b11-azide,,12,H,(K-COCH2-Azide)GGGWALRVKAG,OH,0,C56H91N21O14,1281.70543669994,1282.45404,5500.0,4.0,2.0,0.0,3.0,5.0,0.4166666666666667,-0.14166666666666664,2.0,0.0,0.0,0.0,0.0,4.0,0.0,0.0,1.0,1.0,0.0,0.0,0.0,0.0,1.0,0.0,0.0,1.0,1.0,0.0,0.0,0.0,0.0,0.0,0.0,0.0,0.0,0.0,0.0,0.0,0.0,0.0,0.0,0.0,0.0,0.0,0.0,0.0,0.0,0.0,0.0,0.0,0.0,1.0,0.0,0.0,0.0,0.0,0.0,0.0,0.0,0.0,0.0,0.0,0.0,0.0,0.0,0.0
08-00-1F,T7-Peptide,,8,H,(K-PEG3-Azide)HAIYPRH,OH,0,C55H85N19O14,1235.6523384977,1236.3823,1490.0,5.0,2.0,0.0,4.0,2.0,0.25,-0.32499999999999996,1.0,0.0,0.0,0.0,0.0,0.0,2.0,1.0,0.0,0.0,0.0,0.0,1.0,0.0,1.0,0.0,0.0,0.0,0.0,1.0,0.0,0.0,0.0,0.0,0.0,0.0,0.0,0.0,0.0,0.0,0.0,0.0,0.0,0.0,0.0,0.0,0.0,0.0,0.0,0.0,1.0,0.0,0.0,0.0,0.0,0.0,0.0,0.0,0.0,0.0,0.0,0.0,0.0,0.0,0.0,0.0,0.0,0.0
08-00-1G,T12Peptide,,13,H,(K-PEG3-Azide)THRPPMWSPVWP,OH,0,C85H124N24O20S,1832.91444366864,1834.1078600000003,11000.0,4.0,1.5,0.0,3.0,4.0,0.3076923076923077,-0.5538461538461538,0.0,0.0,0.0,0.0,0.0,0.0,1.0,0.0,0.0,0.0,1.0,0.0,4.0,0.0,1.0,1.0,1.0,1.0,2.0,0.0,0.0,0.0,0.0,0.0,0.0,0.0,0.0,0.0,0.0,0.0,0.0,0.0,0.0,0.0,0.0,0.0,0.0,0.0,0.0,0.0,1.0,0.0,0.0,0.0,0.0,0.0,0.0,0.0,0.0,0.0,0.0,0.0,0.0,0.0,0.0,0.0,0.0,0.0
08-00-1H,RM26,,9,N3PEG1CCONHC5CO,fQWAVGH(Sta)L,NH2,0,C65H96N18O14,1352.7353398478,1353.56994,5500.0,1.0,0.5,0.0,1.0,6.0,0.6666666666666666,-1.1111111111111112,1.0,0.0,0.0,0.0,0.0,1.0,1.0,0.0,0.0,1.0,0.0,0.0,0.0,1.0,0.0,0.0,0.0,1.0,1.0,0.0,0.0,0.0,0.0,0.0,1.0,0.0,0.0,0.0,0.0,0.0,0.0,0.0,0.0,0.0,0.0,0.0,0.0,0.0,0.0,0.0,0.0,0.0,0.0,0.0,0.0,0.0,0.0,0.0,0.0,0.0,0.0,0.0,0.0,0.0,0.0,0.0,0.0,1.0
08-00-1I,EP1,,9,N3PEG3CCONHC5CO,YEVHTYYLD,OH,0,C71H99N15O23,1529.7038245073302,1530.63246,4470.0,1.0,-2.5,2.0,1.0,2.0,0.2222222222222222,-0.5666666666666667,0.0,0.0,1.0,1.0,0.0,0.0,1.0,0.0,0.0,1.0,0.0,0.0,0.0,0.0,0.0,0.0,1.0,1.0,0.0,3.0,0.0,0.0,0.0,0.0,0.0,0.0,0.0,0.0,0.0,0.0,0.0,0.0,0.0,0.0,0.0,0.0,0.0,0.0,0.0,0.0,0.0,0.0,0.0,0.0,0.0,0.0,0.0,0.0,0.0,0.0,0.0,0.0,0.0,0.0,0.0,0.0,0.0,0.0
08-00-1J,pep10,,23,N3PEG3CCONHC5CO,VRRDAPRFSMQGLDACGGNNCNN,OH,1,C112H181N41O39S3,2820.2602487016898,2822.0818400000003,250.0,3.0,0.0,2.0,3.0,6.0,0.2608695652173913,0.26956521739130435,2.0,2.0,2.0,0.0,1.0,3.0,0.0,0.0,0.0,1.0,1.0,4.0,1.0,1.0,3.0,1.0,0.0,1.0,0.0,0.0,0.0,0.0,0.0,0.0,0.0,0.0,0.0,0.0,0.0,0.0,0.0,0.0,0.0,0.0,0.0,0.0,0.0,0.0,0.0,0.0,0.0,0.0,0.0,0.0,0.0,0.0,0.0,0.0,0.0,0.0,0.0,0.0,0.0,0.0,0.0,0.0,0.0,0.0
08-00-1K,RM26-AZ647,,9,AZDye647-DBCO-PEG1CCONHC5CO,fQWAVGH(Sta)L,NH2,0,C119H156N22O28S4,2469.0342271709,2470.90254,5500.0,1.0,0.5,0.0,1.0,6.0,0.6666666666666666,-1.1111111111111112,1.0,0.0,0.0,0.0,0.0,1.0,1.0,0.0,0.0,1.0,0.0,0.0,0.0,1.0,0.0,0.0,0.0,1.0,1.0,0.0,0.0,0.0,0.0,0.0,1.0,0.0,0.0,0.0,0.0,0.0,0.0,0.0,0.0,0.0,0.0,0.0,0.0,0.0,0.0,0.0,0.0,0.0,0.0,0.0,0.0,0.0,0.0,0.0,0.0,0.0,0.0,0.0,0.0,0.0,0.0,0.0,0.0,1.0
08-00-1L,EP1-AZ647,,9,AZDye647-DBCO-PEG3CCONHC5CO,YEVHTYYLD,OH,0,C125H159N19O37S4,2646.0027118304297,2647.9650600000004,4470.0,1.0,-2.5,2.0,1.0,2.0,0.2222222222222222,-0.5666666666666667,0.0,0.0,1.0,1.0,0.0,0.0,1.0,0.0,0.0,1.0,0.0,0.0,0.0,0.0,0.0,0.0,1.0,1.0,0.0,3.0,0.0,0.0,0.0,0.0,0.0,0.0,0.0,0.0,0.0,0.0,0.0,0.0,0.0,0.0,0.0,0.0,0.0,0.0,0.0,0.0,0.0,0.0,0.0,0.0,0.0,0.0,0.0,0.0,0.0,0.0,0.0,0.0,0.0,0.0,0.0,0.0,0.0,0.0
08-00-1M,pep10-AZ647,,23,AZDye647-DBCO-PEG3CCONHC5CO,VRRDAPRFSMQGLDACGGNNCNN,OH,1,C166H241N45O53S7,3936.5591360247904,3939.4144399999996,250.0,3.0,0.0,2.0,3.0,6.0,0.2608695652173913,0.26956521739130435,2.0,2.0,2.0,0.0,1.0,3.0,0.0,0.0,0.0,1.0,1.0,4.0,1.0,1.0,3.0,1.0,0.0,1.0,0.0,0.0,0.0,0.0,0.0,0.0,0.0,0.0,0.0,0.0,0.0,0.0,0.0,0.0,0.0,0.0,0.0,0.0,0.0,0.0,0.0,0.0,0.0,0.0,0.0,0.0,0.0,0.0,0.0,0.0,0.0,0.0,0.0,0.0,0.0,0.0,0.0,0.0,0.0,0.0
08-00-1N,T7-AZDye647,,8,H,(K-PEG3-AZDye647)HAIYPRH,OH,0,C109H145N23O28S4,2351.9512258207997,2353.7149,1490.0,5.0,2.0,0.0,4.0,2.0,0.25,-0.32499999999999996,1.0,0.0,0.0,0.0,0.0,0.0,2.0,1.0,0.0,0.0,0.0,0.0,1.0,0.0,1.0,0.0,0.0,0.0,0.0,1.0,0.0,0.0,0.0,0.0,0.0,0.0,0.0,0.0,0.0,0.0,0.0,0.0,0.0,0.0,0.0,0.0,0.0,0.0,0.0,0.0,0.0,0.0,1.0,0.0,0.0,0.0,0.0,0.0,0.0,0.0,0.0,0.0,0.0,0.0,0.0,0.0,0.0,0.0
08-00-1O,T12-AZDye647,,13,H,(K-PEG3-AZDye647)THRPPMWSPVWP,OH,0,C139H184N28O34S5,2949.2133309917403,2951.4404600000003,11000.0,4.0,1.5,0.0,3.0,4.0,0.3076923076923077,-0.5538461538461538,0.0,0.0,0.0,0.0,0.0,0.0,1.0,0.0,0.0,0.0,1.0,0.0,4.0,0.0,1.0,1.0,1.0,1.0,2.0,0.0,0.0,0.0,0.0,0.0,0.0,0.0,0.0,0.0,0.0,0.0,0.0,0.0,0.0,0.0,0.0,0.0,0.0,0.0,0.0,0.0,0.0,0.0,1.0,0.0,0.0,0.0,0.0,0.0,0.0,0.0,0.0,0.0,0.0,0.0,0.0,0.0,0.0,0.0
08-00-1P,octreotide,,8,H,(K-PEG3-Azide)fCFwKTC,L-threoninol,1,C63H91N15O15S2,1361.6260496417299,1362.61814,5750.0,3.0,2.0,0.0,2.0,3.0,0.375,-0.9750000000000001,0.0,2.0,0.0,0.0,1.0,0.0,0.0,0.0,1.0,0.0,0.0,0.0,0.0,0.0,0.0,0.0,1.0,0.0,0.0,0.0,0.0,0.0,0.0,0.0,1.0,0.0,0.0,0.0,0.0,0.0,0.0,0.0,0.0,0.0,0.0,0.0,0.0,1.0,0.0,0.0,1.0,0.0,0.0,0.0,0.0,0.0,0.0,0.0,0.0,0.0,0.0,0.0,0.0,0.0,0.0,0.0,0.0,0.0
08-00-1Q,RM26-mal,,9,Mal-Propionyl,fQWAVGH(Sta)L,NH2,0,C63H87N15O14,1277.65569254444,1278.4569800000002,5500.0,1.0,0.5,0.0,1.0,6.0,0.6666666666666666,-1.1111111111111112,1.0,0.0,0.0,0.0,0.0,1.0,1.0,0.0,0.0,1.0,0.0,0.0,0.0,1.0,0.0,0.0,0.0,1.0,1.0,0.0,0.0,0.0,0.0,0.0,1.0,0.0,0.0,0.0,0.0,0.0,0.0,0.0,0.0,0.0,0.0,0.0,0.0,0.0,0.0,0.0,0.0,0.0,0.0,0.0,0.0,0.0,0.0,0.0,0.0,0.0,0.0,0.0,0.0,0.0,0.0,0.0,0.0,1.0
08-00-1R,BBN(6-14)-mal,,9,Mal-Propionyl,NQWAVGHLM,NH2,0,C55H78N16O14S,1218.5604124332,1219.3716200000001,5500.0,1.0,0.5,0.0,1.0,5.0,0.5555555555555556,-0.9555555555555555,1.0,0.0,0.0,0.0,0.0,1.0,1.0,0.0,0.0,1.0,1.0,1.0,0.0,1.0,0.0,0.0,0.0,1.0,1.0,0.0,0.0,0.0,0.0,0.0,0.0,0.0,0.0,0.0,0.0,0.0,0.0,0.0,0.0,0.0,0.0,0.0,0.0,0.0,0.0,0.0,0.0,0.0,0.0,0.0,0.0,0.0,0.0,0.0,0.0,0.0,0.0,0.0,0.0,0.0,0.0,0.0,0.0,0.0
08-00-1S,BBN(6-14)-azide,,9,N3PEG1CCONHC5CO,NQWAVGHLM,NH2,0,C57H87N19O14S,1293.64005973656,1294.48458,5500.0,1.0,0.5,0.0,1.0,5.0,0.5555555555555556,-0.9555555555555555,1.0,0.0,0.0,0.0,0.0,1.0,1.0,0.0,0.0,1.0,1.0,1.0,0.0,1.0,0.0,0.0,0.0,1.0,1.0,0.0,0.0,0.0,0.0,0.0,0.0,0.0,0.0,0.0,0.0,0.0,0.0,0.0,0.0,0.0,0.0,0.0,0.0,0.0,0.0,0.0,0.0,0.0,0.0,0.0,0.0,0.0,0.0,0.0,0.0,0.0,0.0,0.0,0.0,0.0,0.0,0.0,0.0,0.0
08-00-1T,BBN(6-14)-AZ647,,9,AZDye647-DBCO-PEG1CCONHC5CO,NQWAVGHLM,NH2,0,C111H147N23O28S5,2409.93894705966,2411.8171799999996,5500.0,1.0,0.5,0.0,1.0,5.0,0.5555555555555556,-0.9555555555555555,1.0,0.0,0.0,0.0,0.0,1.0,1.0,0.0,0.0,1.0,1.0,1.0,0.0,1.0,0.0,0.0,0.0,1.0,1.0,0.0,0.0,0.0,0.0,0.0,0.0,0.0,0.0,0.0,0.0,0.0,0.0,0.0,0.0,0.0,0.0,0.0,0.0,0.0,0.0,0.0,0.0,0.0,0.0,0.0,0.0,0.0,0.0,0.0,0.0,0.0,0.0,0.0,0.0,0.0,0.0,0.0,0.0,0.0
